Workbook
Name MC_Bore_Area: [1]GeomAndTestNotes!$B$3

Sheet ReadMe
A1: constant input
A2: feel adjustment parameter
A6: feel adjustment parameters | B6: brake | C6: torque - pressure curve
B8: BMV | C8: transfer spring rate
C9: transfer spring deadband
C10: input bore diameter
B12: pedal mechnism | C12: master cylinder moment arms (upper and lower)
B14: master cylinder | C14: feel spring rate
C15: feel spring deadband/ precompression
C16: bore diameter
C17: master cylinder deadband

Sheet Brake capability
A1: This tab plots the capability of the brakes
A3: fraction over | B3: 0.15 | C3: -
A5: Hydraulic Brake Pressure | B5: Brake Torque | C5: Brake torque uncertatinty, under | D5: Brake torque uncertatinty, over
A6: psi | B6: ft-Lbf | C6: ft-Lbf | D6: ft-Lbf
A7: 110 | B7: 0 | C7: =B7*(1-B$3) -> 0 | D7: =B7*(1+B$3) -> 0
A8: 208 | B8: 1431 | C8: =B8*(1-B$3) -> 1216.35 | D8: =B8*(1+B$3) -> 1645.65
A9: 435 | B9: 2731 | C9: =B9*(1-B$3) -> 2321.35 | D9: =B9*(1+B$3) -> 3140.65
A10: 661 | B10: 3800 | C10: =B10*(1-B$3) -> 3230 | D10: =B10*(1+B$3) -> 4370
A11: 889 | B11: 4663 | C11: =B11*(1-B$3) -> 3963.55 | D11: =B11*(1+B$3) -> 5362.45
A12: 1118 | B12: 5369 | C12: =B12*(1-B$3) -> 4563.65 | D12: =B12*(1+B$3) -> 6174.35
A13: 1346 | B13: 5993 | C13: =B13*(1-B$3) -> 5094.05 | D13: =B13*(1+B$3) -> 6891.95
A14: 1573 | B14: 6567 | C14: =B14*(1-B$3) -> 5581.95 | D14: =B14*(1+B$3) -> 7552.05
A15: 1805 | B15: 7134 | C15: =B15*(1-B$3) -> 6063.9 | D15: =B15*(1+B$3) -> 8204.1
A16: 2035 | B16: 7741 | C16: =B16*(1-B$3) -> 6579.85 | D16: =B16*(1+B$3) -> 8902.15

Sheet pedal model
A1: This tab illustrates models pedal geometry in realation to BMV volume input
A3: mc length unstroked | B3: 11.5 | C3: in
A4: max mc stroke | B4: 1.4 | C4: in
A5: bmv vol input | B5: 0.11 | C5: in^3
A6: hose vol deadband | B6: 0.003 | C6: in^3 | D6: set by results from data review 2
A7: MC stroke deadband | B7: 0.085 | C7: in | D7: .085" unshimmed, .05" is starting place for shimming
B9: x | C9: y
A10: pedal axis | B10: 0 | C10: 0
A11: rudder axis | B11: 0 | C11: 11
A14: mc top to pedal axis | B14: =SQRT((B20^2)+(C20^2)) -> 11.18034
A15: mc arm | B15: 2
A16: angle 1 | B16: =ATAN(B20/C20) -> 0.1798535
A17: angle 2 | B17: =ACOS(((-(B3^2))+(B14^2)+(B15^2))/(2*B15*B14)) -> 1.6435327
A18: angle 3 | B18: =B17+B16 -> 1.8233862
A19: angle 4 | B19: =B18-(PI()/2) -> 0.25258983
A20: MC top | B20: 2 | C20: 11 | J20: in model
F21: bore diameter | G21: =5/8 -> 0.625 | H21: =9/16 -> 0.5625 | I21: 0.5 | J21: =I21 -> 0.5 | K21: in
F22: bore area | G22: =PI()*(G21/2)^2 -> 0.30679616 | H22: =PI()*(H21/2)^2 -> 0.24850489 | I22: =PI()*(I21/2)^2 -> 0.19634954 | J22: =I22 -> 0.19634954 | K22: in^2
F23: stroke deadband | G23: =G22*$B7 -> 0.026077673 | H23: =H22*$B7 -> 0.021122915 | I23: =I22*$B7 -> 0.016689711 | J23: =I23 -> 0.016689711 | K23: in^3
F24: input deadband | G24: =G23+$B6 -> 0.029077673 | H24: =H23+$B6 -> 0.024122915 | I24: =I23+$B6 -> 0.019689711 | J24: =I24 -> 0.019689711 | K24: in^3
C26: arm/MC connection
A27: pedal angle | B27: pedal angle | C27: x | D27: y | E27: MC length | F27: MC stroke | G27: vol displace | K27: MC/MC Arm Angle | L27: angle | M27: percent force realized | N27: mc vol limit | O27: MC stroke limit
A28: deg | B28: rad | C28: in | D28: in | F28: in | G28: in^3 | H28: in^3 | I28: in^3 | J28: =I28 -> in^3 | K28: rad | L28: deg | M28: % | N28: in^3 | O28: angle
A29: 0 | B29: {=[2]!deg2rad(A29)} -> 0 | C29: =COS(B$18-(PI()/2)-B29)*B$15 -> 1.9365369 | D29: =-SIN(B$18-(PI()/2)-B29)*B$15 -> -0.49982489 | E29: =SQRT(ABS(C29-B$20)^2+ABS(D29-C$20)^2) -> 11.5 | F29: =$B$3-SQRT(ABS(C29-B$20)^2+ABS(D29-C$20)^2) -> 0 | G29: =($F29*G$22)-G$23-$B$6 -> -0.029077673 | H29: =($F29*H$22)-H$23-$B$6 -> -0.024122915 | I29: =($F29*I$22)-I$23-$B$6 -> -0.019689711 | J29: =H29 -> -0.024122915 | K29: =ACOS((-(B$14^2)+B$15^2+E29^2)/(2*E29*B$15)) -> 1.3237251 | L29: 75.843859 | M29: =COS(K29-(PI()/2)) -> 0.96963285 | N29: =B$5 -> 0.11 | O29: =[2]!linear_intp_2col(F$29:F$38,A$29:A$38,B$4) -> 41.314928
A30: =A29+5 -> 5 | B30: {=[2]!deg2rad(A30)} -> 0.087266463 | C30: =COS(B$18-(PI()/2)-B30)*B$15 -> 1.9727304 | D30: =-SIN(B$18-(PI()/2)-B30)*B$15 -> -0.32914259 | E30: =SQRT(ABS(C30-B$20)^2+ABS(D30-C$20)^2) -> 11.329175 | F30: =$B$3-SQRT(ABS(C30-B$20)^2+ABS(D30-C$20)^2) -> 0.17082459 | G30: =($F30*G$22)-G$23-$B$6 -> 0.023330654 | H30: =($F30*H$22)-H$23-$B$6 -> 0.01832783 | I30: =($F30*I$22)-I$23-$B$6 -> 0.013851618 | J30: =H30 -> 0.01832783 | K30: =ACOS((-(B$14^2)+B$15^2+E30^2)/(2*E30*B$15)) -> 1.40788 | L30: 80.665581 | M30: =COS(K30-(PI()/2)) -> 0.98675846 | N30: =B$5 -> 0.11 | O30: =[2]!linear_intp_2col(F$29:F$38,A$29:A$38,B$4) -> 41.314928
A31: =A30+5 -> 10 | B31: {=[2]!deg2rad(A31)} -> 0.17453293 | C31: =COS(B$18-(PI()/2)-B31)*B$15 -> 1.9939102 | D31: =-SIN(B$18-(PI()/2)-B31)*B$15 -> -0.15595532 | E31: =SQRT(ABS(C31-B$20)^2+ABS(D31-C$20)^2) -> 11.155957 | F31: =$B$3-SQRT(ABS(C31-B$20)^2+ABS(D31-C$20)^2) -> 0.34404301 | G31: =($F31*G$22)-G$23-$B$6 -> 0.076473401 | H31: =($F31*H$22)-H$23-$B$6 -> 0.061373455 | I31: =($F31*I$22)-I$23-$B$6 -> 0.047862977 | J31: =H31 -> 0.061373455 | K31: =ACOS((-(B$14^2)+B$15^2+E31^2)/(2*E31*B$15)) -> 1.4932853 | L31: 85.558945 | M31: =COS(K31-(PI()/2)) -> 0.99699752 | N31: =B$5 -> 0.11 | O31: =[2]!linear_intp_2col(F$29:F$38,A$29:A$38,B$4) -> 41.314928
A32: =A31+5 -> 15 | B32: {=[2]!deg2rad(A32)} -> 0.26179939 | C32: =COS(B$18-(PI()/2)-B32)*B$15 -> 1.9999152 | D32: =-SIN(B$18-(PI()/2)-B32)*B$15 -> 0.018418859 | E32: =SQRT(ABS(C32-B$20)^2+ABS(D32-C$20)^2) -> 10.981581 | F32: =$B$3-SQRT(ABS(C32-B$20)^2+ABS(D32-C$20)^2) -> 0.51841886 | G32: =($F32*G$22)-G$23-$B$6 -> 0.12997124 | H32: =($F32*H$22)-H$23-$B$6 -> 0.1047067 | I32: =($F32*I$22)-I$23-$B$6 -> 0.082101594 | J32: =H32 -> 0.1047067 | K32: =ACOS((-(B$14^2)+B$15^2+E32^2)/(2*E32*B$15)) -> 1.5800136 | L32: 90.528111 | M32: =COS(K32-(PI()/2)) -> 0.99995752 | N32: =B$5 -> 0.11 | O32: =[2]!linear_intp_2col(F$29:F$38,A$29:A$38,B$4) -> 41.314928
A33: =A32+5 -> 20 | B33: {=[2]!deg2rad(A33)} -> 0.34906585 | C33: =COS(B$18-(PI()/2)-B33)*B$15 -> 1.9906996 | D33: =-SIN(B$18-(PI()/2)-B33)*B$15 -> 0.19265286 | E33: =SQRT(ABS(C33-B$20)^2+ABS(D33-C$20)^2) -> 10.807351 | F33: =$B$3-SQRT(ABS(C33-B$20)^2+ABS(D33-C$20)^2) -> 0.69264886 | G33: =($F33*G$22)-G$23-$B$6 -> 0.18342434 | H33: =($F33*H$22)-H$23-$B$6 -> 0.14800371 | I33: =($F33*I$22)-I$23-$B$6 -> 0.11631157 | J33: =H33 -> 0.14800371 | K33: =ACOS((-(B$14^2)+B$15^2+E33^2)/(2*E33*B$15)) -> 1.6681329 | L33: 95.576976 | M33: =COS(K33-(PI()/2)) -> 0.99526653 | N33: =B$5 -> 0.11 | O33: =[2]!linear_intp_2col(F$29:F$38,A$29:A$38,B$4) -> 41.314928
A34: =A33+5 -> 25 | B34: {=[2]!deg2rad(A34)} -> 0.43633231 | C34: =COS(B$18-(PI()/2)-B34)*B$15 -> 1.9663336 | D34: =-SIN(B$18-(PI()/2)-B34)*B$15 -> 0.36542066 | E34: =SQRT(ABS(C34-B$20)^2+ABS(D34-C$20)^2) -> 10.634633 | F34: =$B$3-SQRT(ABS(C34-B$20)^2+ABS(D34-C$20)^2) -> 0.86536737 | G34: =($F34*G$22)-G$23-$B$6 -> 0.23641371 | H34: =($F34*H$22)-H$23-$B$6 -> 0.19092511 | I34: =($F34*I$22)-I$23-$B$6 -> 0.15022478 | J34: =H34 -> 0.19092511 | K34: =ACOS((-(B$14^2)+B$15^2+E34^2)/(2*E34*B$15)) -> 1.7577046 | L34: 100.70905 | M34: =COS(K34-(PI()/2)) -> 0.98258345 | N34: =B$5 -> 0.11 | O34: =[2]!linear_intp_2col(F$29:F$38,A$29:A$38,B$4) -> 41.314928
A35: =A34+5 -> 30 | B35: {=[2]!deg2rad(A35)} -> 0.52359878 | C35: =COS(B$18-(PI()/2)-B35)*B$15 -> 1.9270026 | D35: =-SIN(B$18-(PI()/2)-B35)*B$15 -> 0.53540739 | E35: =SQRT(ABS(C35-B$20)^2+ABS(D35-C$20)^2) -> 10.464847 | F35: =$B$3-SQRT(ABS(C35-B$20)^2+ABS(D35-C$20)^2) -> 1.0351528 | G35: =($F35*G$22)-G$23-$B$6 -> 0.28850323 | H35: =($F35*H$22)-H$23-$B$6 -> 0.23311761 | I35: =($F35*I$22)-I$23-$B$6 -> 0.18356206 | J35: =H35 -> 0.23311761 | K35: =ACOS((-(B$14^2)+B$15^2+E35^2)/(2*E35*B$15)) -> 1.8487808 | L35: 105.92734 | M35: =COS(K35-(PI()/2)) -> 0.96161048 | N35: =B$5 -> 0.11 | O35: =[2]!linear_intp_2col(F$29:F$38,A$29:A$38,B$4) -> 41.314928
A36: =A35+5 -> 35 | B36: {=[2]!deg2rad(A36)} -> 0.61086524 | C36: =COS(B$18-(PI()/2)-B36)*B$15 -> 1.8730059 | D36: =-SIN(B$18-(PI()/2)-B36)*B$15 -> 0.70131934 | E36: =SQRT(ABS(C36-B$20)^2+ABS(D36-C$20)^2) -> 10.299464 | F36: =$B$3-SQRT(ABS(C36-B$20)^2+ABS(D36-C$20)^2) -> 1.2005364 | G36: =($F36*G$22)-G$23-$B$6 -> 0.33924228 | H36: =($F36*H$22)-H$23-$B$6 -> 0.27421624 | I36: =($F36*I$22)-I$23-$B$6 -> 0.21603506 | J36: =H36 -> 0.27421624 | K36: =ACOS((-(B$14^2)+B$15^2+E36^2)/(2*E36*B$15)) -> 1.9414022 | L36: 111.23415 | M36: =COS(K36-(PI()/2)) -> 0.93210808 | N36: =B$5 -> 0.11 | O36: =[2]!linear_intp_2col(F$29:F$38,A$29:A$38,B$4) -> 41.314928
A37: =A36+5 -> 40 | B37: {=[2]!deg2rad(A37)} -> 0.6981317 | C37: =COS(B$18-(PI()/2)-B37)*B$15 -> 1.8047546 | D37: =-SIN(B$18-(PI()/2)-B37)*B$15 -> 0.86189383 | E37: =SQRT(ABS(C37-B$20)^2+ABS(D37-C$20)^2) -> 10.139986 | F37: =$B$3-SQRT(ABS(C37-B$20)^2+ABS(D37-C$20)^2) -> 1.3600139 | G37: =($F37*G$22)-G$23-$B$6 -> 0.38816938 | H37: =($F37*H$22)-H$23-$B$6 -> 0.31384719 | I37: =($F37*I$22)-I$23-$B$6 -> 0.2473484 | J37: =H37 -> 0.31384719 | K37: =ACOS((-(B$14^2)+B$15^2+E37^2)/(2*E37*B$15)) -> 2.0355944 | L37: 116.63097 | M37: =COS(K37-(PI()/2)) -> 0.8939121 | N37: =B$5 -> 0.11 | O37: =[2]!linear_intp_2col(F$29:F$38,A$29:A$38,B$4) -> 41.314928
A38: =A37+5 -> 45 | B38: {=[2]!deg2rad(A38)} -> 0.78539816 | C38: =COS(B$18-(PI()/2)-B38)*B$15 -> 1.7227679 | D38: =-SIN(B$18-(PI()/2)-B38)*B$15 -> 1.0159088 | E38: =SQRT(ABS(C38-B$20)^2+ABS(D38-C$20)^2) -> 9.9879395 | F38: =$B$3-SQRT(ABS(C38-B$20)^2+ABS(D38-C$20)^2) -> 1.5120605 | G38: =($F38*G$22)-G$23-$B$6 -> 0.43481669 | H38: =($F38*H$22)-H$23-$B$6 -> 0.35163152 | I38: =($F38*I$22)-I$23-$B$6 -> 0.27720268 | J38: =H38 -> 0.35163152 | K38: =ACOS((-(B$14^2)+B$15^2+E38^2)/(2*E38*B$15)) -> 2.1313649 | L38: 117.63097 | M38: =COS(K38-(PI()/2)) -> 0.84695295 | N38: =B$5 -> 0.11 | O38: =[2]!linear_intp_2col(F$29:F$38,A$29:A$38,B$4) -> 41.314928

Sheet Brake feel deisgn space
A1: This tab interprets the brake feel requirements
A3: design point 1 | B3: pedal force | C3: 65 | D3: lbf | E3: slide 12
B4: aircraft decel | C4: 0.22 | D4: G's | E4: slide 12
A6: design point 2 | B6: pedal force | C6: 100 | D6: lbf | E6: slide 12
B7: pedal angle | C7: 20 | D7: degrees | E7: slide 12
B8: aircraft decel | C8: 0.4 | D8: G's | E8: slide 12
A10: mil spec guidance | B10: max max travel limit | C10: 25 | D10: degrees | E10: MIL-B-8584 pg6
B11: min max travel limit | C11: 15 | D11: degrees | E11: MIL-B-8584 pg6
B12: max force for initial brake pedal movement | C12: 20 | D12: lbf | E12: MIL-B-8584
B13: min force for initial brake pedal movement | C13: 15 | D13: lbf | E13: MIL-B-8584
B14: max max braking force | C14: 125 | D14: lbf | E14: MIL-B-8584
B15: min max braking force | C15: 75 | D15: lbf | E15: MIL-B-8584
B16: initial angle | C16: 0 | D16: degrees
B17: initial angle 2 | C17: 5 | D17: degrees

Sheet engine run install
C1: calc value | E1: notes
A2: bmv geom | B2: BMV max stroke | C2: 0.56 | D2: in
B3: BMV max delta vol | C3: =C2*C11 -> 0.10995574 | D3: in^3
B4: despin max stroke | C4: 0.155 | D4: in
B5: despin diameter in | C5: 0.5 | D5: in
B6: despin area in | C6: =PI()*(C5/2)^2 -> 0.19634954 | D6: in^2
B7: despin max delta vol | C7: =C6*C4 -> 0.030434179 | D7: in^3
B8: despin diameter out | C8: 0.55 | D8: in
B9: despin area out | C9: =PI()*(C8/2)^2 -> 0.23758294 | D9: in^2
B10: D_input_1 | C10: 0.5 | D10: in
B11: A_input_1 | C11: =((C10/2)^2)*PI() -> 0.19634954 | D11: in^2
B12: D_input_2 | C12: 0.5 | D12: in | E12: no effect if no return pressure
B13: A_input_2 | C13: =((C12/2)^2)*PI() -> 0.19634954 | D13: in^2
B14: D_spool | C14: 0.26 | D14: in | E14: no effect if no return pressure
B15: A_spool | C15: =((C14/2)^2)*PI() -> 0.053092916 | D15: in^2
B16: D_output | C16: 0.19 | D16: in
B17: A_output | C17: =((C16/2)^2)*PI() -> 0.028352874 | D17: in^2
A18: springs | B18: output spring uncompressed length | C18: 0.7 | D18: in | E18: measurment
B19: output sping K | C19: 9 | D19: lbf/in | E19: measurment
B20: output spring loaded length | C20: 0.525 | D20: in | E20: .45" min, .6 max, .525" mid
B21: F output spring compress | C21: =(C18-C20)*C19 -> 1.575 | D21: lbf
B22: output spring loaded length | C22: =C20+0.06 -> 0.585 | D22: in
B23: F output spring extend | C23: =(C18-C22)*C19 -> 1.035 | D23: lbf
B24: L_0 input spring | C24: 1.75 | D24: in
B25: L_0 deadband | C25: 0.03 | D25: in
B26: L_install input spring | C26: =C25+C24 -> 1.78 | D26: in
A27: other constants | B27: return pressure | C27: 50 | D27: psi
B28: F friction | C28: 0 | D28: lbf | E28: used for distinction between extend and compress
A29: Brake pedal feel | B29: MC bore diameter | C29: ='pedal model'!J21 -> 0.5 | D29: in
B30: MC bore area | C30: ='pedal model'!J22 -> 0.19634954 | D30: in^2
B31: MC length | C31: ='pedal model'!B3 -> 11.5 | D31: in
B32: MC lever arm | C32: ='pedal model'!B15 -> 2 | D32: in
B33: pedal force application lever arm | C33: 5 | D33: in
A34: Aircraft feel | B34: wheel center to ground | C34: 10.9 | D34: in
B35: wheel center to ground | C35: =C34/12 -> 0.90833333 | D35: ft
B36: F_prop | C36: 500 | D36: lbf
B37: std air density | C37: 0.002377 | D37: slug/ft^3
B38: air density | C38: 0.002048 | D38: slugs/ft^3
B39: C_d*Area Zero Alpha Gear Down | C39: 9.25 | D39: ft^2
B40: initial braking | C40: 110 | D40: psi
C41: =[2]!linear_intp_2col(I65:I77,N65:N77,C40) -> 5.2219567 | D41: degrees
C42: =[2]!linear_intp_2col(N65:N77,U65:U77,C41) -> 24.202633 | D42: lbf
B43: initial metering | C43: 51 | D43: psi
C44: =[2]!linear_intp_2col(H65:H77,N65:N77,C43) -> 4.0673352 | D44: degrees
C45: =[2]!linear_intp_2col(N65:N77,U65:U77,C44) -> 12.321427 | D45: lbf
B46: MC deadband | C46: ='pedal model'!B7 -> 0.085 | D46: stroke | E46: in
C47: =[2]!linear_intp_2col(L65:L76,N65:N76,C46) -> 2.4879322 | D47: angle
C48: =[2]!linear_intp_2col(N65:N76,U65:U76,C47) -> 6.0593607 | D48: force
C49: =[2]!linear_intp_2col(L65:L76,K65:K76,C46) -> 0.016689711 | D49: vol
B50: hose deadband | C50: ='pedal model'!B6 -> 0.003 | D50: delta vol
C51: =C50+C49 -> 0.019689711 | D51: vol
C52: =[2]!linear_intp_2col(K65:K76,N65:N76,C51) -> 2.9351417 | D52: angle
C53: =[2]!linear_intp_2col(K65:K76,U65:U76,C51) -> 6.7260384 | D53: force
W54: aircraft mass | X54: lbm | AA54: 17000 | AD54: 13000 | AG54: 17000 | AJ54: 13000 | AM54: 17000 | AP54: 13000
W55: aircraft mass | X55: slugs | AA55: =AA54/32.2 -> 527.95031 | AD55: =AD54/32.2 -> 403.72671 | AG55: =AG54/32.2 -> 527.95031 | AJ55: =AJ54/32.2 -> 403.72671 | AM55: =AM54/32.2 -> 527.95031 | AP55: =AP54/32.2 -> 403.72671
E56: K input spring | F56: 42.2 | G56: in/lbf | R56: Feel spring preload | S56: =S57*S58 -> -84 | T56: lbf | W56: aircraft speed | X56: KEAS | AA56: 0 | AD56: 150 | AG56: 150 | AJ56: 0 | AM56: 75 | AP56: 0
E57: preload input spring | F57: =($C$24-$C$26)*$F56 -> -1.266 | G57: lbf | P57: 0.2 | R57: Feel spring preload | S57: -0.12 | T57: in | W57: aircraft speed | X57: ft/s | AA57: =AA56*1.68781/SQRT($C$38/$C$37) -> 0 | AD57: =AD56*1.68781/SQRT($C$38/$C$37) -> 272.74979 | AG57: =AG56*1.68781/SQRT($C$38/$C$37) -> 272.74979 | AJ57: =AJ56*1.68781/SQRT($C$38/$C$37) -> 0 | AM57: =AM56*1.68781/SQRT($C$38/$C$37) -> 136.3749 | AP57: =AP56*1.68781/SQRT($C$38/$C$37) -> 0
P58: 285 | R58: K feel spring | S58: 700 | T58: lbf/in | W58: aero drag | X58: lbf | AA58: =0.5*$C$39*$C$38*AA57^2 -> 0 | AD58: =0.5*$C$39*$C$38*AD57^2 -> 704.64528 | AG58: =0.5*$C$39*$C$38*AG57^2 -> 704.64528 | AJ58: =0.5*$C$39*$C$38*AJ57^2 -> 0 | AM58: =0.5*$C$39*$C$38*AM57^2 -> 176.16132 | AP58: =0.5*$C$39*$C$38*AP57^2 -> 0
E59: stroke vol no input | F59: ='pedal model'!J24 -> 0.019689711 | G59: in^3 | W59: F_gravity | X59: lbf | AA59: =SIN(RADIANS($C35))*AA54 -> 269.49664 | AD59: =SIN(RADIANS($C35))*AD54 -> 206.08566 | AG59: =SIN(RADIANS($C35))*AG54 -> 269.49664 | AJ59: =SIN(RADIANS($C35))*AJ54 -> 206.08566 | AM59: =SIN(RADIANS($C35))*AM54 -> 269.49664 | AP59: =SIN(RADIANS($C35))*AP54 -> 206.08566
B62: BMV | K62: Brake Pedal Feel | W62: Aircraft feel, baseline torque
B63: Delta Volume Input BMV | C63: BMV input stroke | D63: delta L input spring | E63: F BMV input | F63: P input | G63: F_spool | H63: P_output for initial metering | I63: P_output | K63: Delta Volume Input MC | L63: stroke MC | M63: MC length | N63: delta angle | O63: F mc spring | P63: % force realized | Q63: spring compression | R63: F pedal feel spring | S63: F pressure | T63: F pedal output | U63: F pedal input | W63: Brake torque | X63: Brake force between wheel and ground | Y63: sum forces | Z63: acceleration | AA63: decel | AB63: sum forces | AC63: acceleration | AD63: decel | AE63: sum forces | AF63: acceleration | AG63: decel | AH63: sum forces | AI63: acceleration | AJ63: decel | AK63: sum forces | AL63: acceleration | AM63: decel | AN63: sum forces | AO63: acceleration | AP63: decel
B64: in^3 | C64: in | D64: in | E64: lbf | F64: psi | G64: lbf | H64: psi | I64: psi | K64: in^3 | L64: in | N64: degrees | O64: lbf | P64: % | R64: lbf | S64: lbf | T64: lbf | U64: lbf | W64: in-lbf | X64: lbf | Y64: lbf | Z64: lbf/ft^2 | AA64: N_x | AB64: lbf | AC64: lbf/ft^2 | AD64: N_x | AE64: lbf | AF64: lbf/ft^2 | AG64: N_x | AH64: lbf | AI64: lbf/ft^2 | AJ64: N_x | AK64: lbf | AL64: lbf/ft^2 | AM64: N_x | AN64: lbf | AO64: lbf/ft^2 | AP64: N_x
B65: -1 | C65: =B65/C$11 -> -5.0929582 | D65: =IF((C65<(-C$24+C$26)),0,C65-(C$26-C$24)) -> 0 | E65: 0 | F65: =E65/$C$11 -> 0 | G65: =($C$27*$C$15)+F$57+(F$56*$C65) -> -213.53419 | H65: =((G65-$C$21)/$C$17) -> -7586.8567 | I65: =IF(H65<C$27,C$27,H65) -> 50 | K65: 0 | L65: =$K65/$C$30 -> 0 | M65: =$C$31-$L65 -> 11.5 | N65: =[2]!linear_intp_2col('pedal model'!$F$29:$F$38,'pedal model'!$A$29:$A$38,L65) -> 0 | O65: =(L65+'master cylinder spring'!D$7)*'master cylinder spring'!D$5 -> 6 | P65: =[2]!linear_intp_2col('pedal model'!J$29:J$38,'pedal model'!M$29:M$38,K65) -> 0.97936459 | Q65: =IF(L65+S$57<0,0,L65+S$57) -> 0 | R65: =IF(($L65+S$57)*S$58<0,0,($L65+S$57)*S$58) -> 0 | S65: 0 | T65: =R65+S65+O65 -> 6 | U65: =P65*T65*$C$32/$C$33 -> 2.350475 | W65: =[2]!linear_intp_2col('Brake capability'!A$7:A$16,'Brake capability'!B$7:B$16,'engine run install'!I65) -> 0 | X65: =W65/$C$35 -> 0 | Y65: =-(2*$X65)+AA$59-AA$58+$C$36 -> 769.49664 | Z65: =Y65/AA$55 -> 1.4575172 | AA65: =-Z65/32.2 -> -0.045264508 | AB65: =-(2*$X65)+AD$59-AD$58+$C$36 -> 1.4403812 | AC65: =AB65/AD$55 -> 0.0035677135 | AD65: =-AC65/32.2 -> -0.00011079856 | AE65: =-(2*$X65)+AG$59-AG$58+$C$36 -> 64.851354 | AF65: =AE65/AG$55 -> 0.12283609 | AG65: =-AF65/32.2 -> -0.0038147856 | AH65: =-(2*$X65)+AJ$59-AJ$58+$C$36 -> 706.08566 | AI65: =AH65/AJ$55 -> 1.7489199 | AJ65: =-AI65/32.2 -> -0.054314282 | AK65: =-(2*$X65)+AM$59-AM$58+$C$36 -> 593.33532 | AL65: =AK65/AM$55 -> 1.1238469 | AM65: =-AL65/32.2 -> -0.034902077 | AN65: =-(2*$X65)+AP$59-AP$58+$C$36 -> 706.08566 | AO65: =AN65/AP$55 -> 1.7489199 | AP65: =-AO65/32.2 -> -0.054314282
A66: 1 | B66: 0 | C66: =B66/C$11 -> 0 | D66: =IF((C66<(-C$24+C$26)),0,C66-(C$26-C$24)) -> 0 | E66: =($D66*$F$56)+($C$27*$C$13)+$C$28 -> 9.817477 | F66: =E66/$C$11 -> 50 | G66: =($C$27*$C$15)+F$57+(F$56*$C66) -> 1.3886458 | H66: =((G66-$C$21)/$C$17) -> -6.5726744 | I66: =IF(H66<C$27,C$27,H66) -> 50 | K66: =$B66+F$59 -> 0.019689711 | L66: =$K66/$C$30 -> 0.10027887 | M66: =$C$31-$L66 -> 11.399721 | N66: =[2]!linear_intp_2col('pedal model'!$F$29:$F$38,'pedal model'!$A$29:$A$38,L66) -> 2.9351417 | O66: =(L66+'master cylinder spring'!D$7)*'master cylinder spring'!D$5 -> 7.217672 | P66: =[2]!linear_intp_2col('pedal model'!J$29:J$38,'pedal model'!M$29:M$38,K66) -> 0.9870824 | Q66: =IF(L66+S$57<0,0,L66+S$57) -> 0 | R66: =IF(($L66+S$57)*S$58<0,0,($L66+S$57)*S$58) -> 0 | S66: =F66*$C$30 -> 9.817477 | T66: =R66+S66+O66 -> 17.035149 | U66: =P66*T66*$C$32/$C$33 -> 6.7260384 | W66: =[2]!linear_intp_2col('Brake capability'!A$7:A$16,'Brake capability'!B$7:B$16,'engine run install'!I66) -> 0 | X66: =W66/$C$35 -> 0 | Y66: =-(2*$X66)+AA$59-AA$58+$C$36 -> 769.49664 | Z66: =Y66/AA$55 -> 1.4575172 | AA66: =-Z66/32.2 -> -0.045264508 | AB66: =-(2*$X66)+AD$59-AD$58+$C$36 -> 1.4403812 | AC66: =AB66/AD$55 -> 0.0035677135 | AD66: =-AC66/32.2 -> -0.00011079856 | AE66: =-(2*$X66)+AG$59-AG$58+$C$36 -> 64.851354 | AF66: =AE66/AG$55 -> 0.12283609 | AG66: =-AF66/32.2 -> -0.0038147856 | AH66: =-(2*$X66)+AJ$59-AJ$58+$C$36 -> 706.08566 | AI66: =AH66/AJ$55 -> 1.7489199 | AJ66: =-AI66/32.2 -> -0.054314282 | AK66: =-(2*$X66)+AM$59-AM$58+$C$36 -> 593.33532 | AL66: =AK66/AM$55 -> 1.1238469 | AM66: =-AL66/32.2 -> -0.034902077 | AN66: =-(2*$X66)+AP$59-AP$58+$C$36 -> 706.08566 | AO66: =AN66/AP$55 -> 1.7489199 | AP66: =-AO66/32.2 -> -0.054314282
B67: =(B68+B66)/2 -> 0.0061086524 | C67: =B67/C$11 -> 0.031111111 | D67: =IF((C67<(-C$24+C$26)),0,C67-(C$26-C$24)) -> 0.0011111111 | E67: =($D67*$F$56)+($C$27*$C$13)+$C$28 -> 9.8643659 | F67: =E67/$C$11 -> 50.238803 | G67: =($C$27*$C$15)+F$57+(F$56*$C67) -> 2.7015347 | H67: =((G67-$C$21)/$C$17) -> 39.732646 | I67: =IF(H67<C$27,C$27,H67) -> 50 | K67: =$B67+F$59 -> 0.025798363 | L67: =$K67/$C$30 -> 0.13138999 | M67: =$C$31-$L67 -> 11.36861 | N67: =[2]!linear_intp_2col('pedal model'!$F$29:$F$38,'pedal model'!$A$29:$A$38,L67) -> 3.8457574 | O67: =(L67+'master cylinder spring'!D$7)*'master cylinder spring'!D$5 -> 7.5954498 | P67: =[2]!linear_intp_2col('pedal model'!J$29:J$38,'pedal model'!M$29:M$38,K67) -> 0.98853544 | Q67: =IF(L67+S$57<0,0,L67+S$57) -> 0.011389986 | R67: =IF(($L67+S$57)*S$58<0,0,($L67+S$57)*S$58) -> 7.97299 | S67: =F67*$C$30 -> 9.8643659 | T67: =R67+S67+O67 -> 25.432806 | U67: =P67*T67*$C$32/$C$33 -> 10.056492 | W67: =[2]!linear_intp_2col('Brake capability'!A$7:A$16,'Brake capability'!B$7:B$16,'engine run install'!I67) -> 0 | X67: =W67/$C$35 -> 0 | Y67: =-(2*$X67)+AA$59-AA$58+$C$36 -> 769.49664 | Z67: =Y67/AA$55 -> 1.4575172 | AA67: =-Z67/32.2 -> -0.045264508 | AB67: =-(2*$X67)+AD$59-AD$58+$C$36 -> 1.4403812 | AC67: =AB67/AD$55 -> 0.0035677135 | AD67: =-AC67/32.2 -> -0.00011079856 | AE67: =-(2*$X67)+AG$59-AG$58+$C$36 -> 64.851354 | AF67: =AE67/AG$55 -> 0.12283609 | AG67: =-AF67/32.2 -> -0.0038147856 | AH67: =-(2*$X67)+AJ$59-AJ$58+$C$36 -> 706.08566 | AI67: =AH67/AJ$55 -> 1.7489199 | AJ67: =-AI67/32.2 -> -0.054314282 | AK67: =-(2*$X67)+AM$59-AM$58+$C$36 -> 593.33532 | AL67: =AK67/AM$55 -> 1.1238469 | AM67: =-AL67/32.2 -> -0.034902077 | AN67: =-(2*$X67)+AP$59-AP$58+$C$36 -> 706.08566 | AO67: =AN67/AP$55 -> 1.7489199 | AP67: =-AO67/32.2 -> -0.054314282
A68: 2 | B68: =B66+C$3/(A$76-1) -> 0.012217305 | C68: =B68/C$11 -> 0.062222222 | D68: =IF((C68<(-C$24+C$26)),0,C68-(C$26-C$24)) -> 0.032222222 | E68: =($D68*$F$56)+($C$27*$C$13)+$C$28 -> 11.177255 | F68: =E68/$C$11 -> 56.925291 | G68: =($C$27*$C$15)+F$57+(F$56*$C68) -> 4.0144236 | H68: =((G68-$C$21)/$C$17) -> 86.037966 | I68: =IF(H68<C$27,C$27,H68) -> 86.037966 | K68: =$B68+F$59 -> 0.031907016 | L68: =$K68/$C$30 -> 0.1625011 | M68: =$C$31-$L68 -> 11.337499 | N68: =[2]!linear_intp_2col('pedal model'!$F$29:$F$38,'pedal model'!$A$29:$A$38,L68) -> 4.7563731 | O68: =(L68+'master cylinder spring'!D$7)*'master cylinder spring'!D$5 -> 7.9732276 | P68: =[2]!linear_intp_2col('pedal model'!J$29:J$38,'pedal model'!M$29:M$38,K68) -> 0.98998848 | Q68: =IF(L68+S$57<0,0,L68+S$57) -> 0.042501097 | R68: =IF(($L68+S$57)*S$58<0,0,($L68+S$57)*S$58) -> 29.750768 | S68: =F68*$C$30 -> 11.177255 | T68: =R68+S68+O68 -> 48.90125 | U68: =P68*T68*$C$32/$C$33 -> 19.36467 | W68: =[2]!linear_intp_2col('Brake capability'!A$7:A$16,'Brake capability'!B$7:B$16,'engine run install'!I68) -> 0 | X68: =W68/$C$35 -> 0 | Y68: =-(2*$X68)+AA$59-AA$58+$C$36 -> 769.49664 | Z68: =Y68/AA$55 -> 1.4575172 | AA68: =-Z68/32.2 -> -0.045264508 | AB68: =-(2*$X68)+AD$59-AD$58+$C$36 -> 1.4403812 | AC68: =AB68/AD$55 -> 0.0035677135 | AD68: =-AC68/32.2 -> -0.00011079856 | AE68: =-(2*$X68)+AG$59-AG$58+$C$36 -> 64.851354 | AF68: =AE68/AG$55 -> 0.12283609 | AG68: =-AF68/32.2 -> -0.0038147856 | AH68: =-(2*$X68)+AJ$59-AJ$58+$C$36 -> 706.08566 | AI68: =AH68/AJ$55 -> 1.7489199 | AJ68: =-AI68/32.2 -> -0.054314282 | AK68: =-(2*$X68)+AM$59-AM$58+$C$36 -> 593.33532 | AL68: =AK68/AM$55 -> 1.1238469 | AM68: =-AL68/32.2 -> -0.034902077 | AN68: =-(2*$X68)+AP$59-AP$58+$C$36 -> 706.08566 | AO68: =AN68/AP$55 -> 1.7489199 | AP68: =-AO68/32.2 -> -0.054314282
A69: 3 | B69: =B68+C$3/(A$76-1) -> 0.02443461 | C69: =B69/C$11 -> 0.12444444 | D69: =IF((C69<(-C$24+C$26)),0,C69-(C$26-C$24)) -> 0.094444444 | E69: =($D69*$F$56)+($C$27*$C$13)+$C$28 -> 13.803033 | F69: =E69/$C$11 -> 70.298268 | G69: =($C$27*$C$15)+F$57+(F$56*$C69) -> 6.6402013 | H69: =((G69-$C$21)/$C$17) -> 178.64861 | I69: =IF(H69<C$27,C$27,H69) -> 178.64861 | K69: =$B69+F$59 -> 0.044124321 | L69: =$K69/$C$30 -> 0.22472332 | M69: =$C$31-$L69 -> 11.275277 | N69: =[2]!linear_intp_2col('pedal model'!$F$29:$F$38,'pedal model'!$A$29:$A$38,L69) -> 6.5558025 | O69: =(L69+'master cylinder spring'!D$7)*'master cylinder spring'!D$5 -> 8.7287832 | P69: =[2]!linear_intp_2col('pedal model'!J$29:J$38,'pedal model'!M$29:M$38,K69) -> 0.99289455 | Q69: =IF(L69+S$57<0,0,L69+S$57) -> 0.10472332 | R69: =IF(($L69+S$57)*S$58<0,0,($L69+S$57)*S$58) -> 73.306323 | S69: =F69*$C$30 -> 13.803033 | T69: =R69+S69+O69 -> 95.838139 | U69: =P69*T69*$C$32/$C$33 -> 38.062866 | W69: =[2]!linear_intp_2col('Brake capability'!A$7:A$16,'Brake capability'!B$7:B$16,'engine run install'!I69) -> 1002.4097 | X69: =W69/$C$35 -> 1103.5704 | Y69: =-(2*$X69)+AA$59-AA$58+$C$36 -> -1437.6441 | Z69: =Y69/AA$55 -> -2.723067 | AA69: =-Z69/32.2 -> 0.084567298 | AB69: =-(2*$X69)+AD$59-AD$58+$C$36 -> -2205.7003 | AC69: =AB69/AD$55 -> -5.46335 | AD69: =-AC69/32.2 -> 0.16966926 | AE69: =-(2*$X69)+AG$59-AG$58+$C$36 -> -2142.2894 | AF69: =AE69/AG$55 -> -4.0577481 | AG69: =-AF69/32.2 -> 0.12601702 | AH69: =-(2*$X69)+AJ$59-AJ$58+$C$36 -> -1501.055 | AI69: =AH69/AJ$55 -> -3.7179979 | AJ69: =-AI69/32.2 -> 0.11546577 | AK69: =-(2*$X69)+AM$59-AM$58+$C$36 -> -1613.8054 | AL69: =AK69/AM$55 -> -3.0567373 | AM69: =-AL69/32.2 -> 0.094929729 | AN69: =-(2*$X69)+AP$59-AP$58+$C$36 -> -1501.055 | AO69: =AN69/AP$55 -> -3.7179979 | AP69: =-AO69/32.2 -> 0.11546577
A70: 4 | B70: =B69+C$3/(A$76-1) -> 0.036651914 | C70: =B70/C$11 -> 0.18666667 | D70: =IF((C70<(-C$24+C$26)),0,C70-(C$26-C$24)) -> 0.15666667 | E70: =($D70*$F$56)+($C$27*$C$13)+$C$28 -> 16.42881 | F70: =E70/$C$11 -> 83.671244 | G70: =($C$27*$C$15)+F$57+(F$56*$C70) -> 9.2659791 | H70: =((G70-$C$21)/$C$17) -> 271.25925 | I70: =IF(H70<C$27,C$27,H70) -> 271.25925 | K70: =$B70+F$59 -> 0.056341625 | L70: =$K70/$C$30 -> 0.28694554 | M70: =$C$31-$L70 -> 11.213054 | N70: =[2]!linear_intp_2col('pedal model'!$F$29:$F$38,'pedal model'!$A$29:$A$38,L70) -> 8.3518649 | O70: =(L70+'master cylinder spring'!D$7)*'master cylinder spring'!D$5 -> 9.4843387 | P70: =[2]!linear_intp_2col('pedal model'!J$29:J$38,'pedal model'!M$29:M$38,K70) -> 0.99580063 | Q70: =IF(L70+S$57<0,0,L70+S$57) -> 0.16694554 | R70: =IF(($L70+S$57)*S$58<0,0,($L70+S$57)*S$58) -> 116.86188 | S70: =F70*$C$30 -> 16.42881 | T70: =R70+S70+O70 -> 142.77503 | U70: =P70*T70*$C$32/$C$33 -> 56.870185 | W70: =[2]!linear_intp_2col('Brake capability'!A$7:A$16,'Brake capability'!B$7:B$16,'engine run install'!I70) -> 1793.2776 | X70: =W70/$C$35 -> 1974.2506 | Y70: =-(2*$X70)+AA$59-AA$58+$C$36 -> -3179.0045 | Z70: =Y70/AA$55 -> -6.0214086 | AA70: =-Z70/32.2 -> 0.18700027 | AB70: =-(2*$X70)+AD$59-AD$58+$C$36 -> -3947.0608 | AC70: =AB70/AD$55 -> -9.776566 | AD70: =-AC70/32.2 -> 0.30362006 | AE70: =-(2*$X70)+AG$59-AG$58+$C$36 -> -3883.6498 | AF70: =AE70/AG$55 -> -7.3560897 | AG70: =-AF70/32.2 -> 0.22844999 | AH70: =-(2*$X70)+AJ$59-AJ$58+$C$36 -> -3242.4155 | AI70: =AH70/AJ$55 -> -8.0312138 | AJ70: =-AI70/32.2 -> 0.24941658 | AK70: =-(2*$X70)+AM$59-AM$58+$C$36 -> -3355.1659 | AL70: =AK70/AM$55 -> -6.3550789 | AM70: =-AL70/32.2 -> 0.1973627 | AN70: =-(2*$X70)+AP$59-AP$58+$C$36 -> -3242.4155 | AO70: =AN70/AP$55 -> -8.0312138 | AP70: =-AO70/32.2 -> 0.24941658
A71: 5 | B71: =B70+C$3/(A$76-1) -> 0.048869219 | C71: =B71/C$11 -> 0.24888889 | D71: =IF((C71<(-C$24+C$26)),0,C71-(C$26-C$24)) -> 0.21888889 | E71: =($D71*$F$56)+($C$27*$C$13)+$C$28 -> 19.054588 | F71: =E71/$C$11 -> 97.044221 | G71: =($C$27*$C$15)+F$57+(F$56*$C71) -> 11.891757 | H71: =((G71-$C$21)/$C$17) -> 363.86989 | I71: =IF(H71<C$27,C$27,H71) -> 363.86989 | K71: =$B71+F$59 -> 0.06855893 | L71: =$K71/$C$30 -> 0.34916776 | M71: =$C$31-$L71 -> 11.150832 | N71: =[2]!linear_intp_2col('pedal model'!$F$29:$F$38,'pedal model'!$A$29:$A$38,L71) -> 10.146946 | O71: =(L71+'master cylinder spring'!D$7)*'master cylinder spring'!D$5 -> 10.239894 | P71: =[2]!linear_intp_2col('pedal model'!J$29:J$38,'pedal model'!M$29:M$38,K71) -> 0.99748835 | Q71: =IF(L71+S$57<0,0,L71+S$57) -> 0.22916776 | R71: =IF(($L71+S$57)*S$58<0,0,($L71+S$57)*S$58) -> 160.41743 | S71: =F71*$C$30 -> 19.054588 | T71: =R71+S71+O71 -> 189.71192 | U71: =P71*T71*$C$32/$C$33 -> 75.694171 | W71: =[2]!linear_intp_2col('Brake capability'!A$7:A$16,'Brake capability'!B$7:B$16,'engine run install'!I71) -> 2323.6469 | X71: =W71/$C$35 -> 2558.1434 | Y71: =-(2*$X71)+AA$59-AA$58+$C$36 -> -4346.7902 | Z71: =Y71/AA$55 -> -8.233332 | AA71: =-Z71/32.2 -> 0.25569354 | AB71: =-(2*$X71)+AD$59-AD$58+$C$36 -> -5114.8464 | AC71: =AB71/AD$55 -> -12.669081 | AD71: =-AC71/32.2 -> 0.39344972 | AE71: =-(2*$X71)+AG$59-AG$58+$C$36 -> -5051.4354 | AF71: =AE71/AG$55 -> -9.568013 | AG71: =-AF71/32.2 -> 0.29714326 | AH71: =-(2*$X71)+AJ$59-AJ$58+$C$36 -> -4410.2011 | AI71: =AH71/AJ$55 -> -10.923729 | AJ71: =-AI71/32.2 -> 0.33924624 | AK71: =-(2*$X71)+AM$59-AM$58+$C$36 -> -4522.9515 | AL71: =AK71/AM$55 -> -8.5670022 | AM71: =-AL71/32.2 -> 0.26605597 | AN71: =-(2*$X71)+AP$59-AP$58+$C$36 -> -4410.2011 | AO71: =AN71/AP$55 -> -10.923729 | AP71: =-AO71/32.2 -> 0.33924624
A72: 6 | B72: =B71+C$3/(A$76-1) -> 0.061086524 | C72: =B72/C$11 -> 0.31111111 | D72: =IF((C72<(-C$24+C$26)),0,C72-(C$26-C$24)) -> 0.28111111 | E72: =($D72*$F$56)+($C$27*$C$13)+$C$28 -> 21.680366 | F72: =E72/$C$11 -> 110.4172 | G72: =($C$27*$C$15)+F$57+(F$56*$C72) -> 14.517535 | H72: =((G72-$C$21)/$C$17) -> 456.48053 | I72: =IF(H72<C$27,C$27,H72) -> 456.48053 | K72: =$B72+F$59 -> 0.080776235 | L72: =$K72/$C$30 -> 0.41138999 | M72: =$C$31-$L72 -> 11.08861 | N72: =[2]!linear_intp_2col('pedal model'!$F$29:$F$38,'pedal model'!$A$29:$A$38,L72) -> 11.931087 | O72: =(L72+'master cylinder spring'!D$7)*'master cylinder spring'!D$5 -> 10.99545 | P72: =[2]!linear_intp_2col('pedal model'!J$29:J$38,'pedal model'!M$29:M$38,K72) -> 0.99832288 | Q72: =IF(L72+S$57<0,0,L72+S$57) -> 0.29138999 | R72: =IF(($L72+S$57)*S$58<0,0,($L72+S$57)*S$58) -> 203.97299 | S72: =F72*$C$30 -> 21.680366 | T72: =R72+S72+O72 -> 236.64881 | U72: =P72*T72*$C$32/$C$33 -> 94.500767 | W72: =[2]!linear_intp_2col('Brake capability'!A$7:A$16,'Brake capability'!B$7:B$16,'engine run install'!I72) -> 2832.6048 | X72: =W72/$C$35 -> 3118.464 | Y72: =-(2*$X72)+AA$59-AA$58+$C$36 -> -5467.4313 | Z72: =Y72/AA$55 -> -10.355958 | AA72: =-Z72/32.2 -> 0.32161361 | AB72: =-(2*$X72)+AD$59-AD$58+$C$36 -> -6235.4876 | AC72: =AB72/AD$55 -> -15.444823 | AD72: =-AC72/32.2 -> 0.47965289 | AE72: =-(2*$X72)+AG$59-AG$58+$C$36 -> -6172.0766 | AF72: =AE72/AG$55 -> -11.690639 | AG72: =-AF72/32.2 -> 0.36306333 | AH72: =-(2*$X72)+AJ$59-AJ$58+$C$36 -> -5530.8423 | AI72: =AH72/AJ$55 -> -13.699471 | AJ72: =-AI72/32.2 -> 0.42544941 | AK72: =-(2*$X72)+AM$59-AM$58+$C$36 -> -5643.5927 | AL72: =AK72/AM$55 -> -10.689628 | AM72: =-AL72/32.2 -> 0.33197604 | AN72: =-(2*$X72)+AP$59-AP$58+$C$36 -> -5530.8423 | AO72: =AN72/AP$55 -> -13.699471 | AP72: =-AO72/32.2 -> 0.42544941
A73: 7 | B73: =B72+C$3/(A$76-1) -> 0.073303829 | C73: =B73/C$11 -> 0.37333333 | D73: =IF((C73<(-C$24+C$26)),0,C73-(C$26-C$24)) -> 0.34333333 | E73: =($D73*$F$56)+($C$27*$C$13)+$C$28 -> 24.306144 | F73: =E73/$C$11 -> 123.79017 | G73: =($C$27*$C$15)+F$57+(F$56*$C73) -> 17.143312 | H73: =((G73-$C$21)/$C$17) -> 549.09117 | I73: =IF(H73<C$27,C$27,H73) -> 549.09117 | K73: =$B73+F$59 -> 0.09299354 | L73: =$K73/$C$30 -> 0.47361221 | M73: =$C$31-$L73 -> 11.026388 | N73: =[2]!linear_intp_2col('pedal model'!$F$29:$F$38,'pedal model'!$A$29:$A$38,L73) -> 13.715228 | O73: =(L73+'master cylinder spring'!D$7)*'master cylinder spring'!D$5 -> 11.751005 | P73: =[2]!linear_intp_2col('pedal model'!J$29:J$38,'pedal model'!M$29:M$38,K73) -> 0.99915742 | Q73: =IF(L73+S$57<0,0,L73+S$57) -> 0.35361221 | R73: =IF(($L73+S$57)*S$58<0,0,($L73+S$57)*S$58) -> 247.52855 | S73: =F73*$C$30 -> 24.306144 | T73: =R73+S73+O73 -> 283.58569 | U73: =P73*T73*$C$32/$C$33 -> 113.3387 | W73: =[2]!linear_intp_2col('Brake capability'!A$7:A$16,'Brake capability'!B$7:B$16,'engine run install'!I73) -> 3270.6613 | X73: =W73/$C$35 -> 3600.728 | Y73: =-(2*$X73)+AA$59-AA$58+$C$36 -> -6431.9595 | Z73: =Y73/AA$55 -> -12.182888 | AA73: =-Z73/32.2 -> 0.37835056 | AB73: =-(2*$X73)+AD$59-AD$58+$C$36 -> -7200.0157 | AC73: =AB73/AD$55 -> -17.833885 | AD73: =-AC73/32.2 -> 0.55384736 | AE73: =-(2*$X73)+AG$59-AG$58+$C$36 -> -7136.6047 | AF73: =AE73/AG$55 -> -13.517569 | AG73: =-AF73/32.2 -> 0.41980028 | AH73: =-(2*$X73)+AJ$59-AJ$58+$C$36 -> -6495.3704 | AI73: =AH73/AJ$55 -> -16.088533 | AJ73: =-AI73/32.2 -> 0.49964388 | AK73: =-(2*$X73)+AM$59-AM$58+$C$36 -> -6608.1208 | AL73: =AK73/AM$55 -> -12.516558 | AM73: =-AL73/32.2 -> 0.38871299 | AN73: =-(2*$X73)+AP$59-AP$58+$C$36 -> -6495.3704 | AO73: =AN73/AP$55 -> -16.088533 | AP73: =-AO73/32.2 -> 0.49964388
A74: 8 | B74: =B73+C$3/(A$76-1) -> 0.085521133 | C74: =B74/C$11 -> 0.43555556 | D74: =IF((C74<(-C$24+C$26)),0,C74-(C$26-C$24)) -> 0.40555556 | E74: =($D74*$F$56)+($C$27*$C$13)+$C$28 -> 26.931921 | F74: =E74/$C$11 -> 137.16315 | G74: =($C$27*$C$15)+F$57+(F$56*$C74) -> 19.76909 | H74: =((G74-$C$21)/$C$17) -> 641.70181 | I74: =IF(H74<C$27,C$27,H74) -> 641.70181 | K74: =$B74+F$59 -> 0.10521084 | L74: =$K74/$C$30 -> 0.53583443 | M74: =$C$31-$L74 -> 10.964166 | N74: =[2]!linear_intp_2col('pedal model'!$F$29:$F$38,'pedal model'!$A$29:$A$38,L74) -> 15.499787 | O74: =(L74+'master cylinder spring'!D$7)*'master cylinder spring'!D$5 -> 12.506561 | P74: =[2]!linear_intp_2col('pedal model'!J$29:J$38,'pedal model'!M$29:M$38,K74) -> 0.9999029 | Q74: =IF(L74+S$57<0,0,L74+S$57) -> 0.41583443 | R74: =IF(($L74+S$57)*S$58<0,0,($L74+S$57)*S$58) -> 291.0841 | S74: =F74*$C$30 -> 26.931921 | T74: =R74+S74+O74 -> 330.52258 | U74: =P74*T74*$C$32/$C$33 -> 132.1962 | W74: =[2]!linear_intp_2col('Brake capability'!A$7:A$16,'Brake capability'!B$7:B$16,'engine run install'!I74) -> 3708.7178 | X74: =W74/$C$35 -> 4082.9921 | Y74: =-(2*$X74)+AA$59-AA$58+$C$36 -> -7396.4876 | Z74: =Y74/AA$55 -> -14.009818 | AA74: =-Z74/32.2 -> 0.4350875 | AB74: =-(2*$X74)+AD$59-AD$58+$C$36 -> -8164.5438 | AC74: =AB74/AD$55 -> -20.222947 | AD74: =-AC74/32.2 -> 0.62804183 | AE74: =-(2*$X74)+AG$59-AG$58+$C$36 -> -8101.1329 | AF74: =AE74/AG$55 -> -15.344499 | AG74: =-AF74/32.2 -> 0.47653723 | AH74: =-(2*$X74)+AJ$59-AJ$58+$C$36 -> -7459.8986 | AI74: =AH74/AJ$55 -> -18.477595 | AJ74: =-AI74/32.2 -> 0.57383835 | AK74: =-(2*$X74)+AM$59-AM$58+$C$36 -> -7572.6489 | AL74: =AK74/AM$55 -> -14.343488 | AM74: =-AL74/32.2 -> 0.44544994 | AN74: =-(2*$X74)+AP$59-AP$58+$C$36 -> -7459.8986 | AO74: =AN74/AP$55 -> -18.477595 | AP74: =-AO74/32.2 -> 0.57383835
A75: 9 | B75: =B74+C$3/(A$76-1) -> 0.097738438 | C75: =B75/C$11 -> 0.49777778 | D75: =IF((C75<(-C$24+C$26)),0,C75-(C$26-C$24)) -> 0.46777778 | E75: =($D75*$F$56)+($C$27*$C$13)+$C$28 -> 29.557699 | F75: =E75/$C$11 -> 150.53613 | G75: =($C$27*$C$15)+F$57+(F$56*$C75) -> 22.394868 | H75: =((G75-$C$21)/$C$17) -> 734.31245 | I75: =IF(H75<C$27,C$27,H75) -> 734.31245 | K75: =$B75+F$59 -> 0.11742815 | L75: =$K75/$C$30 -> 0.59805665 | M75: =$C$31-$L75 -> 10.901943 | N75: =[2]!linear_intp_2col('pedal model'!$F$29:$F$38,'pedal model'!$A$29:$A$38,L75) -> 17.285421 | O75: =(L75+'master cylinder spring'!D$7)*'master cylinder spring'!D$5 -> 13.262116 | P75: =[2]!linear_intp_2col('pedal model'!J$29:J$38,'pedal model'!M$29:M$38,K75) -> 0.99857922 | Q75: =IF(L75+S$57<0,0,L75+S$57) -> 0.47805665 | R75: =IF(($L75+S$57)*S$58<0,0,($L75+S$57)*S$58) -> 334.63966 | S75: =F75*$C$30 -> 29.557699 | T75: =R75+S75+O75 -> 377.45947 | U75: =P75*T75*$C$32/$C$33 -> 150.76927 | W75: =[2]!linear_intp_2col('Brake capability'!A$7:A$16,'Brake capability'!B$7:B$16,'engine run install'!I75) -> 4077.494 | X75: =W75/$C$35 -> 4488.9843 | Y75: =-(2*$X75)+AA$59-AA$58+$C$36 -> -8208.4719 | Z75: =Y75/AA$55 -> -15.547811 | AA75: =-Z75/32.2 -> 0.48285129 | AB75: =-(2*$X75)+AD$59-AD$58+$C$36 -> -8976.5281 | AC75: =AB75/AD$55 -> -22.23417 | AD75: =-AC75/32.2 -> 0.69050216 | AE75: =-(2*$X75)+AG$59-AG$58+$C$36 -> -8913.1172 | AF75: =AE75/AG$55 -> -16.882493 | AG75: =-AF75/32.2 -> 0.52430101 | AH75: =-(2*$X75)+AJ$59-AJ$58+$C$36 -> -8271.8829 | AI75: =AH75/AJ$55 -> -20.488818 | AJ75: =-AI75/32.2 -> 0.63629868 | AK75: =-(2*$X75)+AM$59-AM$58+$C$36 -> -8384.6332 | AL75: =AK75/AM$55 -> -15.881482 | AM75: =-AL75/32.2 -> 0.49321372 | AN75: =-(2*$X75)+AP$59-AP$58+$C$36 -> -8271.8829 | AO75: =AN75/AP$55 -> -20.488818 | AP75: =-AO75/32.2 -> 0.63629868
A76: 10 | B76: =B75+C$3/(A$76-1) -> 0.10995574 | C76: =B76/C$11 -> 0.56 | D76: =IF((C76<(-C$24+C$26)),0,C76-(C$26-C$24)) -> 0.53 | E76: =($D76*$F$56)+($C$27*$C$13)+$C$28 -> 32.183477 | F76: =E76/$C$11 -> 163.9091 | G76: =($C$27*$C$15)+F$57+(F$56*$C76) -> 25.020646 | H76: =((G76-$C$21)/$C$17) -> 826.92309 | I76: =IF(H76<C$27,C$27,H76) -> 826.92309 | K76: =$B76+F$59 -> 0.12964545 | L76: =$K76/$C$30 -> 0.66027887 | M76: =$C$31-$L76 -> 10.839721 | N76: =[2]!linear_intp_2col('pedal model'!$F$29:$F$38,'pedal model'!$A$29:$A$38,L76) -> 19.071056 | O76: =(L76+'master cylinder spring'!D$7)*'master cylinder spring'!D$5 -> 14.017672 | P76: =[2]!linear_intp_2col('pedal model'!J$29:J$38,'pedal model'!M$29:M$38,K76) -> 0.99725555 | Q76: =IF(L76+S$57<0,0,L76+S$57) -> 0.54027887 | R76: =IF(($L76+S$57)*S$58<0,0,($L76+S$57)*S$58) -> 378.19521 | S76: =F76*$C$30 -> 32.183477 | T76: =R76+S76+O76 -> 424.39636 | U76: =P76*T76*$C$32/$C$33 -> 169.29265 | W76: =[2]!linear_intp_2col('Brake capability'!A$7:A$16,'Brake capability'!B$7:B$16,'engine run install'!I76) -> 4428.0334 | X76: =W76/$C$35 -> 4874.8992 | Y76: =-(2*$X76)+AA$59-AA$58+$C$36 -> -8980.3017 | Z76: =Y76/AA$55 -> -17.009748 | AA76: =-Z76/32.2 -> 0.52825304 | AB76: =-(2*$X76)+AD$59-AD$58+$C$36 -> -9748.358 | AC76: =AB76/AD$55 -> -24.145933 | AD76: =-AC76/32.2 -> 0.74987369 | AE76: =-(2*$X76)+AG$59-AG$58+$C$36 -> -9684.947 | AF76: =AE76/AG$55 -> -18.344429 | AG76: =-AF76/32.2 -> 0.56970277 | AH76: =-(2*$X76)+AJ$59-AJ$58+$C$36 -> -9043.7127 | AI76: =AH76/AJ$55 -> -22.400581 | AJ76: =-AI76/32.2 -> 0.69567021 | AK76: =-(2*$X76)+AM$59-AM$58+$C$36 -> -9156.4631 | AL76: =AK76/AM$55 -> -17.343418 | AM76: =-AL76/32.2 -> 0.53861547 | AN76: =-(2*$X76)+AP$59-AP$58+$C$36 -> -9043.7127 | AO76: =AN76/AP$55 -> -22.400581 | AP76: =-AO76/32.2 -> 0.69567021
B77: =B76 -> 0.10995574 | C77: =B77/C$11 -> 0.56 | D77: =IF((C77<(-C$24+C$26)),0,C77-(C$26-C$24)) -> 0.53 | E77: =($D77*$F$56)+($C$27*$C$13)+$C$28 -> 32.183477 | F77: 1100 | G77: =($C$27*$C$15)+F$57+(F$56*$C77) -> 25.020646 | H77: =((G77-$C$21)/$C$17) -> 826.92309 | I77: =IF(H77<C$27,C$27,H77) -> 826.92309 | K77: =$B77+F$59 -> 0.12964545 | L77: =$K77/$C$30 -> 0.66027887 | M77: =$C$31-$L77 -> 10.839721 | N77: =[2]!linear_intp_2col('pedal model'!$F$29:$F$38,'pedal model'!$A$29:$A$38,L77) -> 19.071056 | O77: =(L77+'master cylinder spring'!D$7)*'master cylinder spring'!D$5 -> 14.017672 | P77: =[2]!linear_intp_2col('pedal model'!J$29:J$38,'pedal model'!M$29:M$38,K77) -> 0.99725555 | Q77: =IF(L77+S$57<0,0,L77+S$57) -> 0.54027887 | R77: =IF(($L77+S$57)*S$58<0,0,($L77+S$57)*S$58) -> 378.19521 | S77: =F77*$C$30 -> 215.98449 | T77: =R77+S77+O77 -> 608.19738 | U77: 200 | W77: =[2]!linear_intp_2col('Brake capability'!A$7:A$16,'Brake capability'!B$7:B$16,'engine run install'!I77) -> 4428.0334 | X77: =W77/$C$35 -> 4874.8992 | Y77: =-(2*$X77)+AA$59-AA$58+$C$36 -> -8980.3017 | Z77: =Y77/AA$55 -> -17.009748 | AA77: =-Z77/32.2 -> 0.52825304 | AB77: =-(2*$X77)+AD$59-AD$58+$C$36 -> -9748.358 | AC77: =AB77/AD$55 -> -24.145933 | AD77: =-AC77/32.2 -> 0.74987369 | AE77: =-(2*$X77)+AG$59-AG$58+$C$36 -> -9684.947 | AF77: =AE77/AG$55 -> -18.344429 | AG77: =-AF77/32.2 -> 0.56970277 | AH77: =-(2*$X77)+AJ$59-AJ$58+$C$36 -> -9043.7127 | AI77: =AH77/AJ$55 -> -22.400581 | AJ77: =-AI77/32.2 -> 0.69567021 | AK77: =-(2*$X77)+AM$59-AM$58+$C$36 -> -9156.4631 | AL77: =AK77/AM$55 -> -17.343418 | AM77: =-AL77/32.2 -> 0.53861547 | AN77: =-(2*$X77)+AP$59-AP$58+$C$36 -> -9043.7127 | AO77: =AN77/AP$55 -> -22.400581 | AP77: =-AO77/32.2 -> 0.69567021
W81: Aircraft feel, low torque
W82: Brake torque | X82: Brake force between wheel and ground | Y82: sum forces | Z82: acceleration | AA82: decel | AB82: sum forces | AC82: acceleration | AD82: decel
I83: =I69-I$69 -> 0 | L83: =L69-L$69 -> 0 | O83: 100 | W83: in-lbf | X83: lbf | Y83: lbf | Z83: lbf/ft^2 | AA83: N_x | AB83: lbf | AC83: lbf/ft^2 | AD83: N_x
I84: =I70-I$69 -> 92.61064 | L84: =L70-L$69 -> 0.062222222 | W84: =[2]!linear_intp_2col('Brake capability'!A$7:A$16,'Brake capability'!C$7:C$16,'engine run install'!I65) -> 0 | X84: =W84/$C$35 -> 0 | Y84: =-(2*$X84)+AA$59-AA$58+$C$36 -> 769.49664 | Z84: =Y84/AA$55 -> 1.4575172 | AA84: =-Z84/32.2 -> -0.045264508 | AB84: =-(2*$X84)+AD$59-AD$58+$C$36 -> 1.4403812 | AC84: =AB84/AD$55 -> 0.0035677135 | AD84: =-AC84/32.2 -> -0.00011079856
I85: =I71-I$69 -> 185.22128 | L85: =L71-L$69 -> 0.12444444 | W85: =[2]!linear_intp_2col('Brake capability'!A$7:A$16,'Brake capability'!C$7:C$16,'engine run install'!I66) -> 0 | X85: =W85/$C$35 -> 0 | Y85: =-(2*$X85)+AA$59-AA$58+$C$36 -> 769.49664 | Z85: =Y85/AA$55 -> 1.4575172 | AA85: =-Z85/32.2 -> -0.045264508 | AB85: =-(2*$X85)+AD$59-AD$58+$C$36 -> 1.4403812 | AC85: =AB85/AD$55 -> 0.0035677135 | AD85: =-AC85/32.2 -> -0.00011079856
I86: =I72-I$69 -> 277.83192 | L86: =L72-L$69 -> 0.18666667 | W86: =[2]!linear_intp_2col('Brake capability'!A$7:A$16,'Brake capability'!C$7:C$16,'engine run install'!I68) -> 0 | X86: =W86/$C$35 -> 0 | Y86: =-(2*$X86)+AA$59-AA$58+$C$36 -> 769.49664 | Z86: =Y86/AA$55 -> 1.4575172 | AA86: =-Z86/32.2 -> -0.045264508 | AB86: =-(2*$X86)+AD$59-AD$58+$C$36 -> 1.4403812 | AC86: =AB86/AD$55 -> 0.0035677135 | AD86: =-AC86/32.2 -> -0.00011079856
I87: =I73-I$69 -> 370.44256 | L87: =L73-L$69 -> 0.24888889 | W87: =[2]!linear_intp_2col('Brake capability'!A$7:A$16,'Brake capability'!C$7:C$16,'engine run install'!I69) -> 852.04828 | X87: =W87/$C$35 -> 938.0348 | Y87: =-(2*$X87)+AA$59-AA$58+$C$36 -> -1106.573 | Z87: =Y87/AA$55 -> -2.0959794 | AA87: =-Z87/32.2 -> 0.065092528 | AB87: =-(2*$X87)+AD$59-AD$58+$C$36 -> -1874.6292 | AC87: =AB87/AD$55 -> -4.6433124 | AD87: =-AC87/32.2 -> 0.14420225
I88: =I74-I$69 -> 463.0532 | L88: =L74-L$69 -> 0.31111111 | W88: =[2]!linear_intp_2col('Brake capability'!A$7:A$16,'Brake capability'!C$7:C$16,'engine run install'!I70) -> 1524.286 | X88: =W88/$C$35 -> 1678.113 | Y88: =-(2*$X88)+AA$59-AA$58+$C$36 -> -2586.7294 | Z88: =Y88/AA$55 -> -4.8995697 | AA88: =-Z88/32.2 -> 0.15216055 | AB88: =-(2*$X88)+AD$59-AD$58+$C$36 -> -3354.7856 | AC88: =AB88/AD$55 -> -8.3095459 | AD88: =-AC88/32.2 -> 0.25806043
I89: =I75-I$69 -> 555.66384 | L89: =L75-L$69 -> 0.37333333 | W89: =[2]!linear_intp_2col('Brake capability'!A$7:A$16,'Brake capability'!C$7:C$16,'engine run install'!I71) -> 1975.0999 | X89: =W89/$C$35 -> 2174.4219 | Y89: =-(2*$X89)+AA$59-AA$58+$C$36 -> -3579.3471 | Z89: =Y89/AA$55 -> -6.7797046 | AA89: =-Z89/32.2 -> 0.21054983 | AB89: =-(2*$X89)+AD$59-AD$58+$C$36 -> -4347.4034 | AC89: =AB89/AD$55 -> -10.768184 | AD89: =-AC89/32.2 -> 0.33441565
I90: =I76-I$69 -> 648.27448 | L90: =L76-L$69 -> 0.43555556 | W90: =[2]!linear_intp_2col('Brake capability'!A$7:A$16,'Brake capability'!C$7:C$16,'engine run install'!I72) -> 2407.7141 | X90: =W90/$C$35 -> 2650.6944 | Y90: =-(2*$X90)+AA$59-AA$58+$C$36 -> -4531.8921 | Z90: =Y90/AA$55 -> -8.5839369 | AA90: =-Z90/32.2 -> 0.26658189 | AB90: =-(2*$X90)+AD$59-AD$58+$C$36 -> -5299.9484 | AC90: =AB90/AD$55 -> -13.127564 | AD90: =-AC90/32.2 -> 0.40768834
I91: =I77-I$69 -> 648.27448 | L91: =L77-L$69 -> 0.43555556 | W91: =[2]!linear_intp_2col('Brake capability'!A$7:A$16,'Brake capability'!C$7:C$16,'engine run install'!I73) -> 2780.0621 | X91: =W91/$C$35 -> 3060.6188 | Y91: =-(2*$X91)+AA$59-AA$58+$C$36 -> -5351.741 | Z91: =Y91/AA$55 -> -10.136827 | AA91: =-Z91/32.2 -> 0.3148083 | AB91: =-(2*$X91)+AD$59-AD$58+$C$36 -> -6119.7973 | AC91: =AB91/AD$55 -> -15.158267 | AD91: =-AC91/32.2 -> 0.47075364
W92: =[2]!linear_intp_2col('Brake capability'!A$7:A$16,'Brake capability'!C$7:C$16,'engine run install'!I74) -> 3152.4102 | X92: =W92/$C$35 -> 3470.5433 | Y92: =-(2*$X92)+AA$59-AA$58+$C$36 -> -6171.5899 | Z92: =Y92/AA$55 -> -11.689717 | AA92: =-Z92/32.2 -> 0.3630347 | AB92: =-(2*$X92)+AD$59-AD$58+$C$36 -> -6939.6462 | AC92: =AB92/AD$55 -> -17.18897 | AD92: =-AC92/32.2 -> 0.53381894
I93: 100 | L93: =[2]!linear_intp_2col(I83:I91,L83:L91,I93) -> 0.067186904 | W93: =[2]!linear_intp_2col('Brake capability'!A$7:A$16,'Brake capability'!C$7:C$16,'engine run install'!I75) -> 3465.8699 | X93: =W93/$C$35 -> 3815.6366 | Y93: =-(2*$X93)+AA$59-AA$58+$C$36 -> -6861.7766 | Z93: =Y93/AA$55 -> -12.997012 | AA93: =-Z93/32.2 -> 0.40363392 | AB93: =-(2*$X93)+AD$59-AD$58+$C$36 -> -7629.8329 | AC93: =AB93/AD$55 -> -18.898509 | AD93: =-AC93/32.2 -> 0.58691022
W94: =[2]!linear_intp_2col('Brake capability'!A$7:A$16,'Brake capability'!C$7:C$16,'engine run install'!I76) -> 3763.8284 | X94: =W94/$C$35 -> 4143.6643 | Y94: =-(2*$X94)+AA$59-AA$58+$C$36 -> -7517.832 | Z94: =Y94/AA$55 -> -14.239658 | AA94: =-Z94/32.2 -> 0.44222541 | AB94: =-(2*$X94)+AD$59-AD$58+$C$36 -> -8285.8882 | AC94: =AB94/AD$55 -> -20.523508 | AD94: =-AC94/32.2 -> 0.63737602
W95: =[2]!linear_intp_2col('Brake capability'!A$7:A$16,'Brake capability'!C$7:C$16,'engine run install'!I77) -> 3763.8284 | X95: =W95/$C$35 -> 4143.6643 | Y95: =-(2*$X95)+AA$59-AA$58+$C$36 -> -7517.832 | Z95: =Y95/AA$55 -> -14.239658 | AA95: =-Z95/32.2 -> 0.44222541 | AB95: =-(2*$X95)+AD$59-AD$58+$C$36 -> -8285.8882 | AC95: =AB95/AD$55 -> -20.523508 | AD95: =-AC95/32.2 -> 0.63737602
W97: Aircraft feel, high torque
W98: Brake torque | X98: Brake force between wheel and ground | Y98: sum forces | Z98: acceleration | AA98: decel | AB98: sum forces | AC98: acceleration | AD98: decel
W99: in-lbf | X99: lbf | Y99: lbf | Z99: lbf/ft^2 | AA99: N_x | AB99: lbf | AC99: lbf/ft^2 | AD99: N_x
W100: =[2]!linear_intp_2col('Brake capability'!A$7:A$16,'Brake capability'!D$7:D$16,'engine run install'!I65) -> 0 | X100: =W100/$C$35 -> 0 | Y100: =-(2*$X100)+AA$59-AA$58+$C$36 -> 769.49664 | Z100: =Y100/AA$55 -> 1.4575172 | AA100: =-Z100/32.2 -> -0.045264508 | AB100: =-(2*$X100)+AD$59-AD$58+$C$36 -> 1.4403812 | AC100: =AB100/AD$55 -> 0.0035677135 | AD100: =-AC100/32.2 -> -0.00011079856
W101: =[2]!linear_intp_2col('Brake capability'!A$7:A$16,'Brake capability'!D$7:D$16,'engine run install'!I66) -> 0 | X101: =W101/$C$35 -> 0 | Y101: =-(2*$X101)+AA$59-AA$58+$C$36 -> 769.49664 | Z101: =Y101/AA$55 -> 1.4575172 | AA101: =-Z101/32.2 -> -0.045264508 | AB101: =-(2*$X101)+AD$59-AD$58+$C$36 -> 1.4403812 | AC101: =AB101/AD$55 -> 0.0035677135 | AD101: =-AC101/32.2 -> -0.00011079856
W102: =[2]!linear_intp_2col('Brake capability'!A$7:A$16,'Brake capability'!D$7:D$16,'engine run install'!I68) -> 0 | X102: =W102/$C$35 -> 0 | Y102: =-(2*$X102)+AA$59-AA$58+$C$36 -> 769.49664 | Z102: =Y102/AA$55 -> 1.4575172 | AA102: =-Z102/32.2 -> -0.045264508 | AB102: =-(2*$X102)+AD$59-AD$58+$C$36 -> 1.4403812 | AC102: =AB102/AD$55 -> 0.0035677135 | AD102: =-AC102/32.2 -> -0.00011079856
W103: =[2]!linear_intp_2col('Brake capability'!A$7:A$16,'Brake capability'!D$7:D$16,'engine run install'!I69) -> 1152.7712 | X103: =W103/$C$35 -> 1269.1059 | Y103: =-(2*$X103)+AA$59-AA$58+$C$36 -> -1768.7152 | Z103: =Y103/AA$55 -> -3.3501546 | AA103: =-Z103/32.2 -> 0.10404207 | AB103: =-(2*$X103)+AD$59-AD$58+$C$36 -> -2536.7714 | AC103: =AB103/AD$55 -> -6.2833877 | AD103: =-AC103/32.2 -> 0.19513626
W104: =[2]!linear_intp_2col('Brake capability'!A$7:A$16,'Brake capability'!D$7:D$16,'engine run install'!I70) -> 2062.2693 | X104: =W104/$C$35 -> 2270.3882 | Y104: =-(2*$X104)+AA$59-AA$58+$C$36 -> -3771.2797 | Z104: =Y104/AA$55 -> -7.1432475 | AA104: =-Z104/32.2 -> 0.22183998 | AB104: =-(2*$X104)+AD$59-AD$58+$C$36 -> -4539.336 | AC104: =AB104/AD$55 -> -11.243586 | AD104: =-AC104/32.2 -> 0.34917969
W105: =[2]!linear_intp_2col('Brake capability'!A$7:A$16,'Brake capability'!D$7:D$16,'engine run install'!I71) -> 2672.194 | X105: =W105/$C$35 -> 2941.8649 | Y105: =-(2*$X105)+AA$59-AA$58+$C$36 -> -5114.2332 | Z105: =Y105/AA$55 -> -9.6869593 | AA105: =-Z105/32.2 -> 0.30083725 | AB105: =-(2*$X105)+AD$59-AD$58+$C$36 -> -5882.2894 | AC105: =AB105/AD$55 -> -14.569978 | AD105: =-AC105/32.2 -> 0.4524838
W106: =[2]!linear_intp_2col('Brake capability'!A$7:A$16,'Brake capability'!D$7:D$16,'engine run install'!I72) -> 3257.4955 | X106: =W106/$C$35 -> 3586.2336 | Y106: =-(2*$X106)+AA$59-AA$58+$C$36 -> -6402.9705 | Z106: =Y106/AA$55 -> -12.127979 | AA106: =-Z106/32.2 -> 0.37664533 | AB106: =-(2*$X106)+AD$59-AD$58+$C$36 -> -7171.0268 | AC106: =AB106/AD$55 -> -17.762082 | AD106: =-AC106/32.2 -> 0.55161744
...

Sheet master cylinder spring
B1: cots | C1: custom | D1: installed
A2: starting force | B2: 6 | C2: =C7*C5 -> 12.138529 | D2: =B2 -> 6 | E2: lbf
A3: final force | B3: 23 | D3: =B3 -> 23 | E3: lbf
A4: stroke | B4: 1.4 | D4: =B4 -> 1.4 | E4: in
A5: k | B5: =(B3-B2)/B4 -> 12.142857 | C5: 30 | D5: =B5 -> 12.142857 | E5: lbf/in
A6: length | B6: 3.5895 | C6: 3.5 | D6: =B6 -> 3.5895 | E6: in
A7: calculated precompression | B7: =B2/B5 -> 0.49411765 | C7: =C6-$B11 -> 0.40461765 | D7: =B7 -> 0.49411765 | E7: in
A8: min total stroke | B8: =B7+B4 -> 1.8941176 | D8: =B8 -> 1.8941176 | E8: in
A9: OD | B9: 0.44 | D9: =B9 -> 0.44
A10: ID | B10: 0.34 | D10: =B10 -> 0.34
A11: initial length | B11: =B6-B7 -> 3.0953824 | D11: =B11 -> 3.0953824
A12: final length | B12: =B11-B4 -> 1.6953824 | D12: =B12 -> 1.6953824

Sheet 429 brake feel test
W1: 1700, 0 keas | Y1: 1300, 0 keas
C2: tooch | E2: Duff | G2: Doc | K2: tooch | N2: Duff | P2: Doc | R2: Doc/duff avg
B3: force | C3: LH | D3: RH | E3: LH | F3: RH | G3: LH | H3: RH | K3: LH | L3: RH | N3: LH | O3: RH | P3: LH | Q3: RH | R3: LH | S3: RH | T3: diff | W3: LH | X3: RH | Y3: LH | Z3: RH
A4: low | B4: 1 | C4: 110 | D4: 27 | E4: 115 | F4: 58 | G4: 120 | H4: 58 | J4: 1 | K4: =AVERAGE(C4:C6) -> 110 | L4: =AVERAGE(D4:D6) -> 27 | N4: =AVERAGE(E4:E6) -> 167.5 | O4: =AVERAGE(F4:F6) -> 77.5 | P4: =AVERAGE(G4:G6) -> 155 | Q4: =AVERAGE(H4:H6) -> 59.333333 | R4: =AVERAGE(N4,P4) -> 161.25 | S4: =AVERAGE(O4,Q4) -> 68.416667 | T4: =S4-R4 -> -92.833333 | W4: =[2]!linear_intp_2col('engine run install'!$I$65:$I$77,'engine run install'!$AA$65:$AA$77,R4) -> 0.060176015 | X4: =[2]!linear_intp_2col('engine run install'!$I$65:$I$77,'engine run install'!$AA$65:$AA$77,S4) -> -0.045264508 | Y4: =[2]!linear_intp_2col('engine run install'!$I$65:$I$77,'engine run install'!$AJ$65:$AJ$77,R4) -> 0.083569479 | Z4: =[2]!linear_intp_2col('engine run install'!$I$65:$I$77,'engine run install'!$AJ$65:$AJ$77,S4) -> -0.054314282
A5: low | B5: 1 | E5: 220 | F5: 97 | G5: 175 | H5: 60 | J5: 2 | K5: =AVERAGE(C7:C9) -> 244 | L5: =AVERAGE(D7:D9) -> 70 | N5: =AVERAGE(E7:E9) -> 325 | O5: =AVERAGE(F7:F9) -> 213 | P5: =AVERAGE(G7:G9) -> 320 | Q5: =AVERAGE(H7:H9) -> 204 | R5: =AVERAGE(N5,P5) -> 322.5 | S5: =AVERAGE(O5,Q5) -> 208.5 | T5: =S5-R5 -> -114 | W5: =[2]!linear_intp_2col('engine run install'!$I$65:$I$77,'engine run install'!$AA$65:$AA$77,R5) -> 0.22500773 | X5: =[2]!linear_intp_2col('engine run install'!$I$65:$I$77,'engine run install'!$AA$65:$AA$77,S5) -> 0.11758475 | Y5: =[2]!linear_intp_2col('engine run install'!$I$65:$I$77,'engine run install'!$AJ$65:$AJ$77,R5) -> 0.29911864 | Z5: =[2]!linear_intp_2col('engine run install'!$I$65:$I$77,'engine run install'!$AJ$65:$AJ$77,S5) -> 0.15864244
A6: low | B6: 1 | G6: 170 | H6: 60 | J6: 3 | K6: =AVERAGE(C10:C12) -> 397.5 | L6: =AVERAGE(D10:D12) -> 185.5 | N6: =AVERAGE(E10:E12) -> 504 | O6: =AVERAGE(F10:F12) -> 436 | P6: =AVERAGE(G10:G12) -> 480.33333 | Q6: =AVERAGE(H10:H12) -> 360 | R6: =AVERAGE(N6,P6) -> 492.16667 | S6: =AVERAGE(O6,Q6) -> 398 | T6: =S6-R6 -> -94.166667 | W6: =[2]!linear_intp_2col('engine run install'!$I$65:$I$77,'engine run install'!$AA$65:$AA$77,R6) -> 0.34347635 | X6: =[2]!linear_intp_2col('engine run install'!$I$65:$I$77,'engine run install'!$AA$65:$AA$77,S6) -> 0.27998729 | Y6: =[2]!linear_intp_2col('engine run install'!$I$65:$I$77,'engine run install'!$AJ$65:$AJ$77,R6) -> 0.45403915 | Z6: =[2]!linear_intp_2col('engine run install'!$I$65:$I$77,'engine run install'!$AJ$65:$AJ$77,S6) -> 0.37101499
A7: med | B7: 2 | C7: 223 | D7: 36 | E7: 322 | F7: 206 | G7: 250 | H7: 162 | J7: 4 | K7: =AVERAGE(C13:C15) -> 610 | L7: =AVERAGE(D13:D15) -> 385 | N7: =AVERAGE(E13:E15) -> 730 | O7: =AVERAGE(F13:F15) -> 610.5 | P7: =AVERAGE(G13:G15) -> 645 | Q7: =AVERAGE(H13:H15) -> 513.5 | R7: =AVERAGE(N7,P7) -> 687.5 | S7: =AVERAGE(O7,Q7) -> 562 | T7: =S7-R7 -> -125.5 | W7: =[2]!linear_intp_2col('engine run install'!$I$65:$I$77,'engine run install'!$AA$65:$AA$77,R7) -> 0.45870785 | X7: =[2]!linear_intp_2col('engine run install'!$I$65:$I$77,'engine run install'!$AA$65:$AA$77,S7) -> 0.38625902 | Y7: =[2]!linear_intp_2col('engine run install'!$I$65:$I$77,'engine run install'!$AJ$65:$AJ$77,R7) -> 0.60472649 | Z7: =[2]!linear_intp_2col('engine run install'!$I$65:$I$77,'engine run install'!$AJ$65:$AJ$77,S7) -> 0.50998572
A8: med | B8: 2 | C8: 265 | D8: 104 | E8: 328 | F8: 220 | G8: 360 | H8: 220
A9: med | B9: 2 | G9: 350 | H9: 230 | T9: {=avg} -> #NAME?
A10: high | B10: 3 | C10: 359 | D10: 130 | E10: 502 | F10: 422 | G10: 480 | H10: 360
A11: high | B11: 3 | C11: 436 | D11: 241 | E11: 506 | F11: 450 | G11: 481 | H11: 360
A12: high | B12: 3 | G12: 480 | H12: 360
A13: max | B13: 4 | C13: 620 | D13: 420 | E13: 730 | F13: 591 | G13: 640 | H13: 515
A14: max | B14: 4 | C14: 600 | D14: 350 | F14: 630 | G14: 650 | H14: 512
A15: max | B15: 4
A20: test notes
A21: no boots
A22: parachute on
A23: dc pump power for doc and duff
A24: mule power for tooch
A25: beginning light force not an issue!
A26: duff push rods
A27: right seat position?
